{
	"Version": 3,
	"Meta": {
		"Duration": 3.4,
		"Fps": 30.0,
		"Loop": true,
		"AreBeziersRestricted": true,
		"CurveCount": 65,
		"TotalSegmentCount": 240,
		"TotalPointCount": 615,
		"UserDataCount": 0,
		"TotalUserDataSize": 0
	},
	"Curves": [
		{
			"Target": "Model",
			"Id": "Opacity",
			"Segments": [
				0,
				1,
				1,
				1.122,
				1,
				2.244,
				1,
				3.367,
				1,
				0,
				3.4,
				1
			]
		},
		{
			"Target": "Model",
			"Id": "EyeBlink",
			"Segments": [
				0,
				1,
				0,
				3.4,
				1
			]
		},
		{
			"Target": "Model",
			"Id": "LipSync",
			"Segments": [
				0,
				0,
				0,
				3.4,
				0
			]
		},
		{
			"Target": "Parameter",
			"Id": "ParamAngleX",
			"Segments": [
				0,
				0,
				1,
				0.333,
				0,
				0.667,
				0,
				1,
				0,
				1,
				1.1,
				0,
				1.2,
				3,
				1.3,
				3,
				1,
				1.422,
				3,
				1.544,
				3.072,
				1.667,
				1.363,
				1,
				1.756,
				0.121,
				1.844,
				-30,
				1.933,
				-30,
				1,
				2.078,
				-30,
				2.222,
				-28,
				2.367,
				-28,
				0,
				3.4,
				-28
			]
		},
		{
			"Target": "Parameter",
			"Id": "ParamAngleY",
			"Segments": [
				0,
				0,
				1,
				0.311,
				0,
				0.622,
				0,
				0.933,
				0,
				1,
				0.978,
				0,
				1.022,
				-1,
				1.067,
				-1,
				1,
				1.178,
				-1,
				1.289,
				23,
				1.4,
				23,
				1,
				1.522,
				23,
				1.644,
				23.023,
				1.767,
				19.188,
				1,
				1.856,
				16.4,
				1.944,
				-30,
				2.033,
				-30,
				1,
				2.178,
				-30,
				2.322,
				-28,
				2.467,
				-28,
				0,
				3.4,
				-28
			]
		},
		{
			"Target": "Parameter",
			"Id": "ParamAngleZ",
			"Segments": [
				0,
				0,
				1,
				0.333,
				0,
				0.667,
				0,
				1,
				0,
				1,
				1.222,
				0,
				1.444,
				-1.536,
				1.667,
				-7.828,
				1,
				1.756,
				-10.345,
				1.844,
				-17,
				1.933,
				-17,
				1,
				2.078,
				-17,
				2.222,
				-16,
				2.367,
				-16,
				0,
				3.4,
				-16
			]
		},
		{
			"Target": "Parameter",
			"Id": "ParamTere",
			"Segments": [
				0,
				0,
				1,
				0.333,
				0,
				0.667,
				0,
				1,
				0,
				1,
				1.222,
				0,
				1.444,
				0.051,
				1.667,
				0.255,
				1,
				1.756,
				0.337,
				1.844,
				0.5,
				1.933,
				0.5,
				0,
				3.4,
				0.5
			]
		},
		{
			"Target": "Parameter",
			"Id": "ParamFaceForm",
			"Segments": [
				0,
				0,
				0,
				3.4,
				0
			]
		},
		{
			"Target": "Parameter",
			"Id": "ParamEyeLOpen",
			"Segments": [
				0,
				1,
				1,
				0.333,
				1,
				0.667,
				1,
				1,
				1,
				1,
				1.1,
				1,
				1.2,
				1.9,
				1.3,
				1.9,
				1,
				1.422,
				1.9,
				1.544,
				1.908,
				1.667,
				1.828,
				1,
				1.756,
				1.77,
				1.844,
				0.8,
				1.933,
				0.8,
				0,
				3.4,
				0.8
			]
		},
		{
			"Target": "Parameter",
			"Id": "ParamEyeLSmile",
			"Segments": [
				0,
				0,
				1,
				0.333,
				0,
				0.667,
				0,
				1,
				0,
				1,
				1.222,
				0,
				1.444,
				0,
				1.667,
				0,
				1,
				1.756,
				0,
				1.844,
				0,
				1.933,
				0,
				0,
				3.4,
				0
			]
		},
		{
			"Target": "Parameter",
			"Id": "ParamEyeROpen",
			"Segments": [
				0,
				1,
				1,
				0.333,
				1,
				0.667,
				1,
				1,
				1,
				1,
				1.1,
				1,
				1.2,
				1.9,
				1.3,
				1.9,
				1,
				1.422,
				1.9,
				1.544,
				1.908,
				1.667,
				1.828,
				1,
				1.756,
				1.77,
				1.844,
				0.8,
				1.933,
				0.8,
				0,
				3.4,
				0.8
			]
		},
		{
			"Target": "Parameter",
			"Id": "ParamEyeRSmile",
			"Segments": [
				0,
				0,
				1,
				0.333,
				0,
				0.667,
				0,
				1,
				0,
				1,
				1.222,
				0,
				1.444,
				0,
				1.667,
				0,
				1,
				1.756,
				0,
				1.844,
				0,
				1.933,
				0,
				0,
				3.4,
				0
			]
		},
		{
			"Target": "Parameter",
			"Id": "ParamEyeForm",
			"Segments": [
				0,
				0,
				1,
				0.333,
				0,
				0.667,
				0,
				1,
				0,
				1,
				1.222,
				0,
				1.444,
				0,
				1.667,
				0,
				1,
				1.756,
				0,
				1.844,
				0,
				1.933,
				0,
				0,
				3.4,
				0
			]
		},
		{
			"Target": "Parameter",
			"Id": "ParamEyeBallForm",
			"Segments": [
				0,
				0,
				1,
				0.333,
				0,
				0.667,
				0,
				1,
				0,
				1,
				1.222,
				0,
				1.444,
				0,
				1.667,
				0,
				1,
				1.756,
				0,
				1.844,
				0,
				1.933,
				0,
				0,
				3.4,
				0
			]
		},
		{
			"Target": "Parameter",
			"Id": "ParamTear",
			"Segments": [
				0,
				0,
				1,
				0.333,
				0,
				0.667,
				0,
				1,
				0,
				1,
				1.222,
				0,
				1.444,
				0,
				1.667,
				0,
				1,
				1.756,
				0,
				1.844,
				0,
				1.933,
				0,
				0,
				3.4,
				0
			]
		},
		{
			"Target": "Parameter",
			"Id": "ParamEyeBallX",
			"Segments": [
				0,
				0,
				1,
				0.333,
				0,
				0.667,
				0,
				1,
				0,
				1,
				1.1,
				0,
				1.2,
				-0.1,
				1.3,
				-0.1,
				1,
				1.422,
				-0.1,
				1.544,
				-0.051,
				1.667,
				-0.051,
				1,
				1.756,
				-0.051,
				1.844,
				-1,
				1.933,
				-1,
				0,
				3.4,
				-1
			]
		},
		{
			"Target": "Parameter",
			"Id": "ParamEyeBallY",
			"Segments": [
				0,
				0,
				1,
				0.333,
				0,
				0.667,
				0,
				1,
				0,
				1,
				1.1,
				0,
				1.2,
				0,
				1.3,
				0,
				1,
				1.422,
				0,
				1.544,
				0.009,
				1.667,
				0.074,
				1,
				1.756,
				0.121,
				1.844,
				0.2,
				1.933,
				0.2,
				0,
				3.4,
				0.2
			]
		},
		{
			"Target": "Parameter",
			"Id": "ParamBrowLY",
			"Segments": [
				0,
				0,
				1,
				0.333,
				0,
				0.667,
				0,
				1,
				0,
				1,
				1.1,
				0,
				1.2,
				0.3,
				1.3,
				0.3,
				1,
				1.422,
				0.3,
				1.544,
				0.308,
				1.667,
				0.228,
				1,
				1.756,
				0.17,
				1.844,
				-0.7,
				1.933,
				-0.7,
				0,
				3.4,
				-0.7
			]
		},
		{
			"Target": "Parameter",
			"Id": "ParamBrowRY",
			"Segments": [
				0,
				0,
				1,
				0.333,
				0,
				0.667,
				0,
				1,
				0,
				1,
				1.1,
				0,
				1.2,
				0.3,
				1.3,
				0.3,
				1,
				1.422,
				0.3,
				1.544,
				0.308,
				1.667,
				0.228,
				1,
				1.756,
				0.17,
				1.844,
				-0.7,
				1.933,
				-0.7,
				0,
				3.4,
				-0.7
			]
		},
		{
			"Target": "Parameter",
			"Id": "ParamBrowLX",
			"Segments": [
				0,
				0,
				1,
				0.333,
				0,
				0.667,
				0,
				1,
				0,
				1,
				1.1,
				0,
				1.2,
				0.3,
				1.3,
				0.3,
				1,
				1.422,
				0.3,
				1.544,
				0.309,
				1.667,
				0.21,
				1,
				1.756,
				0.138,
				1.844,
				-0.8,
				1.933,
				-0.8,
				0,
				3.4,
				-0.8
			]
		},
		{
			"Target": "Parameter",
			"Id": "ParamBrowRX",
			"Segments": [
				0,
				0,
				1,
				0.333,
				0,
				0.667,
				0,
				1,
				0,
				1,
				1.1,
				0,
				1.2,
				0.3,
				1.3,
				0.3,
				1,
				1.422,
				0.3,
				1.544,
				0.309,
				1.667,
				0.21,
				1,
				1.756,
				0.138,
				1.844,
				-0.8,
				1.933,
				-0.8,
				0,
				3.4,
				-0.8
			]
		},
		{
			"Target": "Parameter",
			"Id": "ParamBrowLAngle",
			"Segments": [
				0,
				0,
				1,
				0.333,
				0,
				0.667,
				0,
				1,
				0,
				1,
				1.1,
				0,
				1.2,
				0.3,
				1.3,
				0.3,
				1,
				1.422,
				0.3,
				1.544,
				0.309,
				1.667,
				0.2,
				1,
				1.756,
				0.121,
				1.844,
				-0.8,
				1.933,
				-0.8,
				0,
				3.4,
				-0.8
			]
		},
		{
			"Target": "Parameter",
			"Id": "ParamBrowRAngle",
			"Segments": [
				0,
				0,
				1,
				0.333,
				0,
				0.667,
				0,
				1,
				0,
				1,
				1.1,
				0,
				1.2,
				0.3,
				1.3,
				0.3,
				1,
				1.422,
				0.3,
				1.544,
				0.309,
				1.667,
				0.2,
				1,
				1.756,
				0.121,
				1.844,
				-0.8,
				1.933,
				-0.8,
				0,
				3.4,
				-0.8
			]
		},
		{
			"Target": "Parameter",
			"Id": "ParamBrowLForm",
			"Segments": [
				0,
				0,
				1,
				0.333,
				0,
				0.667,
				0,
				1,
				0,
				1,
				1.1,
				0,
				1.2,
				0.2,
				1.3,
				0.2,
				1,
				1.422,
				0.2,
				1.544,
				0.14,
				1.667,
				-0.2,
				1,
				1.756,
				-0.448,
				1.844,
				-0.8,
				1.933,
				-0.8,
				0,
				3.4,
				-0.8
			]
		},
		{
			"Target": "Parameter",
			"Id": "ParamBrowRForm",
			"Segments": [
				0,
				0,
				1,
				0.333,
				0,
				0.667,
				0,
				1,
				0,
				1,
				1.1,
				0,
				1.2,
				0.2,
				1.3,
				0.2,
				1,
				1.422,
				0.2,
				1.544,
				0.14,
				1.667,
				-0.2,
				1,
				1.756,
				-0.448,
				1.844,
				-0.8,
				1.933,
				-0.8,
				0,
				3.4,
				-0.8
			]
		},
		{
			"Target": "Parameter",
			"Id": "ParamMouthForm",
			"Segments": [
				0,
				1,
				1,
				0.333,
				1,
				0.667,
				1,
				1,
				1,
				1,
				1.1,
				1,
				1.2,
				0.268,
				1.3,
				0.1,
				1,
				1.422,
				-0.105,
				1.544,
				-0.093,
				1.667,
				-0.288,
				1,
				1.756,
				-0.43,
				1.844,
				-1,
				1.933,
				-1,
				0,
				3.4,
				-1
			]
		},
		{
			"Target": "Parameter",
			"Id": "ParamMouthOpenY",
			"Segments": [
				0,
				0,
				1,
				0.333,
				0,
				0.667,
				0,
				1,
				0,
				1,
				1.1,
				0,
				1.2,
				0.1,
				1.3,
				0.1,
				1,
				1.422,
				0.1,
				1.544,
				0.101,
				1.667,
				0.092,
				1,
				1.756,
				0.085,
				1.844,
				0,
				1.933,
				0,
				0,
				3.4,
				0
			]
		},
		{
			"Target": "Parameter",
			"Id": "ParamScarf",
			"Segments": [
				0,
				0,
				1,
				0.333,
				0,
				0.667,
				0,
				1,
				0,
				1,
				1.222,
				0,
				1.444,
				0,
				1.667,
				0,
				1,
				1.756,
				0,
				1.844,
				0,
				1.933,
				0,
				0,
				3.4,
				0
			]
		},
		{
			"Target": "Parameter",
			"Id": "ParamBodyAngleX",
			"Segments": [
				0,
				0,
				1,
				0.3,
				0,
				0.6,
				0,
				0.9,
				0,
				1,
				1,
				0,
				1.1,
				6,
				1.2,
				6,
				1,
				1.322,
				6,
				1.444,
				6.063,
				1.567,
				5.062,
				1,
				1.656,
				4.334,
				1.744,
				-9,
				1.833,
				-9,
				1,
				1.978,
				-9,
				2.122,
				-8,
				2.267,
				-8,
				0,
				3.4,
				-8
			]
		},
		{
			"Target": "Parameter",
			"Id": "ParamBodyAngleY",
			"Segments": [
				0,
				0,
				1,
				0.333,
				0,
				0.667,
				0,
				1,
				0,
				1,
				1.1,
				0,
				1.2,
				6,
				1.3,
				6,
				1,
				1.422,
				6,
				1.544,
				6.057,
				1.667,
				5.249,
				1,
				1.756,
				4.662,
				1.844,
				-6,
				1.933,
				-6,
				1,
				2.078,
				-6,
				2.222,
				-5,
				2.367,
				-5,
				0,
				3.4,
				-5
			]
		},
		{
			"Target": "Parameter",
			"Id": "ParamBodyAngleZ",
			"Segments": [
				0,
				0,
				1,
				0.367,
				0,
				0.733,
				0,
				1.1,
				0,
				1,
				1.2,
				0,
				1.3,
				6,
				1.4,
				6,
				1,
				1.522,
				6,
				1.644,
				6.052,
				1.767,
				5.374,
				1,
				1.856,
				4.882,
				1.944,
				-4,
				2.033,
				-4,
				1,
				2.178,
				-4,
				2.322,
				-3,
				2.467,
				-3,
				0,
				3.4,
				-3
			]
		},
		{
			"Target": "Parameter",
			"Id": "ParamBodyUpper",
			"Segments": [
				0,
				0,
				1,
				0.333,
				0,
				0.667,
				0,
				1,
				0,
				1,
				1.222,
				0,
				1.444,
				-0.511,
				1.667,
				-2.763,
				1,
				1.756,
				-3.664,
				1.844,
				-6,
				1.933,
				-6,
				1,
				2.078,
				-6,
				2.222,
				-5,
				2.367,
				-5,
				0,
				3.4,
				-5
			]
		},
		{
			"Target": "Parameter",
			"Id": "ParamBreath",
			"Segments": [
				0,
				0,
				1,
				0.333,
				0,
				0.667,
				0,
				1,
				0,
				1,
				1.222,
				0,
				1.444,
				0,
				1.667,
				0,
				1,
				1.756,
				0,
				1.844,
				0,
				1.933,
				0,
				0,
				3.4,
				0
			]
		},
		{
			"Target": "Parameter",
			"Id": "ParamBustY",
			"Segments": [
				0,
				0,
				1,
				0.333,
				0,
				0.667,
				0,
				1,
				0,
				1,
				1.222,
				0,
				1.444,
				0,
				1.667,
				0,
				1,
				1.756,
				0,
				1.844,
				0,
				1.933,
				0,
				0,
				3.4,
				0
			]
		},
		{
			"Target": "Parameter",
			"Id": "ParamArmLA",
			"Segments": [
				0,
				1,
				1,
				0.333,
				1,
				0.667,
				1,
				1,
				1,
				1,
				1.1,
				1,
				1.2,
				0.472,
				1.3,
				0.3,
				1,
				1.422,
				0.089,
				1.544,
				0.096,
				1.667,
				-0.117,
				1,
				1.756,
				-0.272,
				1.844,
				-1,
				1.933,
				-1,
				1,
				2.078,
				-1,
				2.222,
				-0.9,
				2.367,
				-0.9,
				0,
				3.4,
				-0.9
			]
		},
		{
			"Target": "Parameter",
			"Id": "ParamArmRA",
			"Segments": [
				0,
				1,
				1,
				0.333,
				1,
				0.667,
				1,
				1,
				1,
				1,
				1.1,
				1,
				1.2,
				0.472,
				1.3,
				0.3,
				1,
				1.422,
				0.089,
				1.544,
				0.096,
				1.667,
				-0.117,
				1,
				1.756,
				-0.272,
				1.844,
				-1,
				1.933,
				-1,
				1,
				2.078,
				-1,
				2.222,
				-0.9,
				2.367,
				-0.9,
				0,
				3.4,
				-0.9
			]
		},
		{
			"Target": "Parameter",
			"Id": "ParamArmLB",
			"Segments": [
				0,
				5,
				1,
				0.333,
				5,
				0.667,
				5,
				1,
				5,
				1,
				1.222,
				5,
				1.444,
				5,
				1.667,
				5,
				1,
				1.756,
				5,
				1.844,
				5,
				1.933,
				5,
				0,
				3.4,
				5
			]
		},
		{
			"Target": "Parameter",
			"Id": "ParamArmRB",
			"Segments": [
				0,
				0,
				1,
				0.333,
				0,
				0.667,
				0,
				1,
				0,
				1,
				1.222,
				0,
				1.444,
				0,
				1.667,
				0,
				1,
				1.756,
				0,
				1.844,
				0,
				1.933,
				0,
				0,
				3.4,
				0
			]
		},
		{
			"Target": "Parameter",
			"Id": "ParamHandChangeR",
			"Segments": [
				0,
				0,
				1,
				0.333,
				0,
				0.667,
				0,
				1,
				0,
				1,
				1.222,
				0,
				1.444,
				0,
				1.667,
				0,
				1,
				1.756,
				0,
				1.844,
				0,
				1.933,
				0,
				0,
				3.4,
				0
			]
		},
		{
			"Target": "Parameter",
			"Id": "ParamHandAngleR",
			"Segments": [
				0,
				0.19,
				1,
				0.333,
				0.19,
				0.667,
				0.19,
				1,
				0.19,
				1,
				1.222,
				0.19,
				1.444,
				0.183,
				1.667,
				0.149,
				1,
				1.756,
				0.135,
				1.844,
				0.1,
				1.933,
				0.1,
				0,
				3.4,
				0.1
			]
		},
		{
			"Target": "Parameter",
			"Id": "ParamHandDhangeL",
			"Segments": [
				0,
				0,
				1,
				0.333,
				0,
				0.667,
				0,
				1,
				0,
				1,
				1.222,
				0,
				1.444,
				0,
				1.667,
				0,
				1,
				1.756,
				0,
				1.844,
				0,
				1.933,
				0,
				0,
				3.4,
				0
			]
		},
		{
			"Target": "Parameter",
			"Id": "ParamHandAngleL",
			"Segments": [
				0,
				-0.17,
				1,
				0.333,
				-0.17,
				0.667,
				-0.17,
				1,
				-0.17,
				1,
				1.222,
				-0.17,
				1.444,
				-0.123,
				1.667,
				0.092,
				1,
				1.756,
				0.179,
				1.844,
				0.4,
				1.933,
				0.4,
				0,
				3.4,
				0.4
			]
		},
		{
			"Target": "Parameter",
			"Id": "ParamHairFront",
			"Segments": [
				0,
				0,
				1,
				0.333,
				0,
				0.667,
				0,
				1,
				0,
				1,
				1.222,
				0,
				1.444,
				0,
				1.667,
				0,
				1,
				1.756,
				0,
				1.844,
				0,
				1.933,
				0,
				0,
				3.4,
				0
			]
		},
		{
			"Target": "Parameter",
			"Id": "ParamHairSide",
			"Segments": [
				0,
				0,
				1,
				0.333,
				0,
				0.667,
				0,
				1,
				0,
				1,
				1.222,
				0,
				1.444,
				0,
				1.667,
				0,
				1,
				1.756,
				0,
				1.844,
				0,
				1.933,
				0,
				0,
				3.4,
				0
			]
		},
		{
			"Target": "Parameter",
			"Id": "ParamHairBack",
			"Segments": [
				0,
				0,
				1,
				0.333,
				0,
				0.667,
				0,
				1,
				0,
				1,
				1.222,
				0,
				1.444,
				0,
				1.667,
				0,
				1,
				1.756,
				0,
				1.844,
				0,
				1.933,
				0,
				0,
				3.4,
				0
			]
		},
		{
			"Target": "PartOpacity",
			"Id": "Part01Core",
			"Segments": [
				0,
				1,
				2,
				3.367,
				1,
				0,
				3.4,
				1
			]
		},
		{
			"Target": "PartOpacity",
			"Id": "Part01Hoho001",
			"Segments": [
				0,
				1,
				2,
				3.367,
				1,
				0,
				3.4,
				1
			]
		},
		{
			"Target": "PartOpacity",
			"Id": "Part01Brow001",
			"Segments": [
				0,
				1,
				2,
				3.367,
				1,
				0,
				3.4,
				1
			]
		},
		{
			"Target": "PartOpacity",
			"Id": "Part01Tear",
			"Segments": [
				0,
				1,
				2,
				3.367,
				1,
				0,
				3.4,
				1
			]
		},
		{
			"Target": "PartOpacity",
			"Id": "Part01EyeBall001",
			"Segments": [
				0,
				1,
				2,
				3.367,
				1,
				0,
				3.4,
				1
			]
		},
		{
			"Target": "PartOpacity",
			"Id": "Part01Eye001",
			"Segments": [
				0,
				1,
				2,
				3.367,
				1,
				0,
				3.4,
				1
			]
		},
		{
			"Target": "PartOpacity",
			"Id": "Part01Nose001",
			"Segments": [
				0,
				1,
				2,
				3.367,
				1,
				0,
				3.4,
				1
			]
		},
		{
			"Target": "PartOpacity",
			"Id": "Part01Mouth001",
			"Segments": [
				0,
				1,
				2,
				3.367,
				1,
				0,
				3.4,
				1
			]
		},
		{
			"Target": "PartOpacity",
			"Id": "Part01Face001",
			"Segments": [
				0,
				1,
				2,
				3.367,
				1,
				0,
				3.4,
				1
			]
		},
		{
			"Target": "PartOpacity",
			"Id": "Part01Ear001",
			"Segments": [
				0,
				1,
				2,
				3.367,
				1,
				0,
				3.4,
				1
			]
		},
		{
			"Target": "PartOpacity",
			"Id": "Part01Neck001",
			"Segments": [
				0,
				1,
				2,
				3.367,
				1,
				0,
				3.4,
				1
			]
		},
		{
			"Target": "PartOpacity",
			"Id": "Part01HairFront001",
			"Segments": [
				0,
				1,
				2,
				3.367,
				1,
				0,
				3.4,
				1
			]
		},
		{
			"Target": "PartOpacity",
			"Id": "Part01HairSide001",
			"Segments": [
				0,
				1,
				2,
				3.367,
				1,
				0,
				3.4,
				1
			]
		},
		{
			"Target": "PartOpacity",
			"Id": "Part01HairBack001",
			"Segments": [
				0,
				1,
				2,
				3.367,
				1,
				0,
				3.4,
				1
			]
		},
		{
			"Target": "PartOpacity",
			"Id": "Part01ArmRB001",
			"Segments": [
				0,
				0,
				2,
				3.367,
				0,
				0,
				3.4,
				0
			]
		},
		{
			"Target": "PartOpacity",
			"Id": "Part01ArmLB001",
			"Segments": [
				0,
				0,
				2,
				3.367,
				0,
				0,
				3.4,
				0
			]
		},
		{
			"Target": "PartOpacity",
			"Id": "Part01ArmRA001",
			"Segments": [
				0,
				1,
				2,
				3.367,
				1,
				0,
				3.4,
				1
			]
		},
		{
			"Target": "PartOpacity",
			"Id": "Part01ArmLA001",
			"Segments": [
				0,
				1,
				2,
				3.367,
				1,
				0,
				3.4,
				1
			]
		},
		{
			"Target": "PartOpacity",
			"Id": "Part01Body001",
			"Segments": [
				0,
				1,
				2,
				3.367,
				1,
				0,
				3.4,
				1
			]
		},
		{
			"Target": "PartOpacity",
			"Id": "Part01Sketch",
			"Segments": [
				0,
				0,
				2,
				3.367,
				0,
				0,
				3.4,
				0
			]
		}
	]
}