{
	"Version": 3,
	"Meta": {
		"Duration": 2.433,
		"Fps": 30.0,
		"Loop": true,
		"AreBeziersRestricted": true,
		"CurveCount": 30,
		"TotalSegmentCount": 69,
		"TotalPointCount": 177,
		"UserDataCount": 0,
		"TotalUserDataSize": 0
	},
	"Curves": [
		{
			"Target": "Parameter",
			"Id": "PARAM_ANGLE_X",
			"Segments": [
				0,
				0,
				0,
				2.433,
				0
			]
		},
		{
			"Target": "Parameter",
			"Id": "PARAM_ANGLE_Y",
			"Segments": [
				0,
				0,
				0,
				2.433,
				0
			]
		},
		{
			"Target": "Parameter",
			"Id": "PARAM_ANGLE_Z",
			"Segments": [
				0,
				0,
				1,
				0.067,
				0,
				0.133,
				-8,
				0.2,
				-8,
				1,
				0.356,
				-8,
				0.511,
				26,
				0.667,
				26,
				1,
				0.789,
				26,
				0.911,
				22,
				1.033,
				22,
				0,
				2.433,
				22
			]
		},
		{
			"Target": "Parameter",
			"Id": "PARAM_EYE_L_OPEN",
			"Segments": [
				0,
				0,
				0,
				2.433,
				0
			]
		},
		{
			"Target": "Parameter",
			"Id": "PARAM_EYE_L_SMILE",
			"Segments": [
				0,
				1,
				0,
				2.433,
				1
			]
		},
		{
			"Target": "Parameter",
			"Id": "PARAM_EYE_R_OPEN",
			"Segments": [
				0,
				0,
				0,
				2.433,
				0
			]
		},
		{
			"Target": "Parameter",
			"Id": "PARAM_EYE_R_SMILE",
			"Segments": [
				0,
				1,
				0,
				2.433,
				1
			]
		},
		{
			"Target": "Parameter",
			"Id": "PARAM_EYE_BALL_X",
			"Segments": [
				0,
				0,
				0,
				2.433,
				0
			]
		},
		{
			"Target": "Parameter",
			"Id": "PARAM_EYE_BALL_Y",
			"Segments": [
				0,
				0,
				0,
				2.433,
				0
			]
		},
		{
			"Target": "Parameter",
			"Id": "PARAM_BROW_L_Y",
			"Segments": [
				0,
				0,
				0,
				2.433,
				0
			]
		},
		{
			"Target": "Parameter",
			"Id": "PARAM_BROW_R_Y",
			"Segments": [
				0,
				0,
				0,
				2.433,
				0
			]
		},
		{
			"Target": "Parameter",
			"Id": "PARAM_BROW_L_X",
			"Segments": [
				0,
				0,
				0,
				2.433,
				0
			]
		},
		{
			"Target": "Parameter",
			"Id": "PARAM_BROW_R_X",
			"Segments": [
				0,
				0,
				0,
				2.433,
				0
			]
		},
		{
			"Target": "Parameter",
			"Id": "PARAM_BROW_L_ANGLE",
			"Segments": [
				0,
				0,
				0,
				2.433,
				0
			]
		},
		{
			"Target": "Parameter",
			"Id": "PARAM_BROW_R_ANGLE",
			"Segments": [
				0,
				0,
				0,
				2.433,
				0
			]
		},
		{
			"Target": "Parameter",
			"Id": "PARAM_BROW_L_FORM",
			"Segments": [
				0,
				0,
				0,
				2.433,
				0
			]
		},
		{
			"Target": "Parameter",
			"Id": "PARAM_BROW_R_FORM",
			"Segments": [
				0,
				0,
				0,
				2.433,
				0
			]
		},
		{
			"Target": "Parameter",
			"Id": "PARAM_MOUTH_FORM",
			"Segments": [
				0,
				1,
				0,
				2.433,
				1
			]
		},
		{
			"Target": "Parameter",
			"Id": "PARAM_MOUTH_OPEN_Y",
			"Segments": [
				0,
				0,
				0,
				2.433,
				0
			]
		},
		{
			"Target": "Parameter",
			"Id": "PARAM_CHEEK",
			"Segments": [
				0,
				0,
				0,
				2.433,
				0
			]
		},
		{
			"Target": "Parameter",
			"Id": "PARAM_ARM_L",
			"Segments": [
				0,
				-1,
				1,
				0.133,
				-1,
				0.267,
				0,
				0.4,
				0,
				1,
				0.489,
				0,
				0.578,
				-0.31,
				0.667,
				-0.31,
				1,
				0.767,
				-0.31,
				0.867,
				-0.18,
				0.967,
				-0.18,
				0,
				2.433,
				-0.18
			]
		},
		{
			"Target": "Parameter",
			"Id": "PARAM_ARM_R",
			"Segments": [
				0,
				-1,
				1,
				0.133,
				-1,
				0.267,
				0,
				0.4,
				0,
				1,
				0.489,
				0,
				0.578,
				-0.32,
				0.667,
				-0.32,
				1,
				0.767,
				-0.32,
				0.867,
				-0.16,
				0.967,
				-0.16,
				0,
				2.433,
				-0.16
			]
		},
		{
			"Target": "Parameter",
			"Id": "PARAM_BODY_ANGLE_X",
			"Segments": [
				0,
				0,
				0,
				2.433,
				0
			]
		},
		{
			"Target": "Parameter",
			"Id": "PARAM_BODY_ANGLE_Y",
			"Segments": [
				0,
				0,
				1,
				0.067,
				0,
				0.133,
				-2,
				0.2,
				-2,
				1,
				0.256,
				-2,
				0.311,
				6,
				0.367,
				6,
				1,
				0.467,
				6,
				0.567,
				-2,
				0.667,
				-2,
				1,
				0.767,
				-2,
				0.867,
				0,
				0.967,
				0,
				0,
				2.433,
				0
			]
		},
		{
			"Target": "Parameter",
			"Id": "PARAM_BODY_ANGLE_Z",
			"Segments": [
				0,
				0,
				1,
				0.067,
				0,
				0.133,
				-2,
				0.2,
				-2,
				1,
				0.356,
				-2,
				0.511,
				3,
				0.667,
				3,
				0,
				2.433,
				3
			]
		},
		{
			"Target": "Parameter",
			"Id": "PARAM_BREATH",
			"Segments": [
				0,
				0,
				0,
				2.433,
				0
			]
		},
		{
			"Target": "Parameter",
			"Id": "PARAM_HAIR_FRONT",
			"Segments": [
				0,
				0,
				1,
				0.056,
				0,
				0.111,
				0.22,
				0.167,
				0.22,
				1,
				0.256,
				0.22,
				0.344,
				-0.45,
				0.433,
				-0.45,
				1,
				0.567,
				-0.45,
				0.7,
				0.59,
				0.833,
				0.59,
				1,
				0.956,
				0.59,
				1.078,
				0.1,
				1.2,
				0.1,
				1,
				1.378,
				0.1,
				1.556,
				0.31,
				1.733,
				0.31,
				1,
				1.878,
				0.31,
				2.022,
				0.16,
				2.167,
				0.16,
				0,
				2.433,
				0.16
			]
		},
		{
			"Target": "Parameter",
			"Id": "PARAM_HAIR_BACK",
			"Segments": [
				0,
				0,
				1,
				0.067,
				0,
				0.133,
				0.24,
				0.2,
				0.24,
				1,
				0.289,
				0.24,
				0.378,
				-0.48,
				0.467,
				-0.48,
				1,
				0.6,
				-0.48,
				0.733,
				0.59,
				0.867,
				0.59,
				1,
				0.989,
				0.59,
				1.111,
				0.08,
				1.233,
				0.08,
				1,
				1.411,
				0.08,
				1.589,
				0.28,
				1.767,
				0.28,
				1,
				1.911,
				0.28,
				2.056,
				0.16,
				2.2,
				0.16,
				0,
				2.433,
				0.16
			]
		},
		{
			"Target": "Parameter",
			"Id": "PARAM_HAIR_BACK_L",
			"Segments": [
				0,
				0,
				1,
				0.078,
				0,
				0.156,
				-0.047,
				0.233,
				-0.12,
				1,
				0.311,
				-0.193,
				0.389,
				-0.22,
				0.467,
				-0.22,
				1,
				0.611,
				-0.22,
				0.756,
				0.24,
				0.9,
				0.24,
				1,
				1.056,
				0.24,
				1.211,
				-0.05,
				1.367,
				-0.05,
				1,
				1.522,
				-0.05,
				1.678,
				0.11,
				1.833,
				0.11,
				1,
				1.967,
				0.11,
				2.1,
				0.05,
				2.233,
				0.05,
				0,
				2.433,
				0.05
			]
		},
		{
			"Target": "Parameter",
			"Id": "PARAM_HAIR_BACK_R",
			"Segments": [
				0,
				0,
				1,
				0.078,
				0,
				0.156,
				-0.117,
				0.233,
				-0.15,
				1,
				0.311,
				-0.183,
				0.389,
				-0.18,
				0.467,
				-0.18,
				1,
				0.611,
				-0.18,
				0.756,
				0.23,
				0.9,
				0.23,
				1,
				1.056,
				0.23,
				1.211,
				-0.05,
				1.367,
				-0.05,
				1,
				1.522,
				-0.05,
				1.678,
				0.08,
				1.833,
				0.08,
				1,
				1.967,
				0.08,
				2.1,
				0.03,
				2.233,
				0.03,
				0,
				2.433,
				0.03
			]
		}
	]
}