{
	"Version": 3,
	"Meta": {
		"Duration": 3.967,
		"Fps": 30.0,
		"Loop": true,
		"AreBeziersRestricted": true,
		"CurveCount": 1,
		"TotalSegmentCount": 4,
		"TotalPointCount": 13,
		"UserDataCount": 0,
		"TotalUserDataSize": 0
	},
	"Curves": [
		{
			"Target": "Parameter",
			"Id": "ParamBreath",
			"Segments": [
				0,
				0,
				1,
				0.089,
				0,
				0.178,
				0,
				0.267,
				0,
				1,
				0.756,
				0,
				1.244,
				1,
				1.733,
				1,
				1,
				1.844,
				1,
				1.956,
				1,
				2.067,
				1,
				1,
				2.7,
				1,
				3.333,
				0.034,
				3.967,
				0.001
			]
		}
	]
}